{
  "HEADER_DASHBOARD_TXT": "Все Sites",
  "SUBHEADER_DASHBOARD_ACTIVE": "Активные файлы",
  "SUBHEADER_DASHBOARD_ARCHIVE": "Archive Site",
  "SUBHEADER_DASHBOARD_NEWSITE": "Создать",
  "ACTIVESITE_DEFAULT_MESG": "There are no sites added yet!",
  "ACTIVESITE_NEWSITE_BTN": "Создать",
  "SITECART_SITE_BTN": "GO TO SITE",
  "HEADERNAV_SITES": "Все Sites",
  "HEADERNAV_USER_MANAGEMENT": "User Management",
  "HEADERNAV_UTILITY_TOOLS": "Utility Tools",
  "HEADERNAV_BATTERY_CALC": "Battery Calculator",
  "HEADERNAV_DEVICE_PROFILE": "Device Profile",
  "HEADERNAV_TOOL_SETTING": "Tool Settings",
  "HEADERNAV_HELP": "СправкаHelp & Support",
  "ADDNEWSITE_HEADER_ADD": "Создать",
  "ADDNEWSITE_HEADER_EDIT": "&Изменить Site Details",
  "ADDNEWSITE_IMPORTFILE": "Import from File",
  "ADDNEWSITE_BROWSE_BTN": "Обзор",
  "ADDNEWSITE_SITESTATUS": "Site Status",
  "ADDNEWSITE_STATUS_COMMISSIONING": "In Comissioning",
  "ADDNEWSITE_STATUS_MAINTENANCE": "Under Maintenance",
  "ADDNEWSITE_SITENAME": "Site Name",
  "ADDNEWSITE_REFNO": "Reference Number",
  "ADDNEWSITE_CUSTNAME": "Customer Name",
  "ADDNEWSITE_CONTACTNAME": "Point of Contact",
  "ADDNEWSITE_EMAIL": "Email",
  "ADDNEWSITE_NUMBER": "Mobile Number",
  "ADDNEWSITE_ADDRESS": "Address",
  "ADDNEWSITE_CONFIRM": "Create",
  "ADDNEWSITE_CANCEL": "Отмена",
  "ADDNEWSITE_SAVE": "SAVE"
}