{
  "COMMON_CANCEL": "CANCEL",
  "COMMON_DELETE": "Delete",
  "COMMON_EDIT": "Edit",
  "COMMON_SAVE": "SAVE",
  "COMMON_DONE": "DONE",
  "COMMON_CREATE": "Create",
  "COMMON_DONT_SAVE": "Don't Save",
  "COMMON_ASSIGN": "ASSIGN",
  "COMMON_NEXT": "Next",
  "COMMON_CHANGE": "Change",
  "COMMON_CLEAR": "Clear",
  "COMMON_CLEAR_ALL": "Clear All",
  "HEADER_DASHBOARD_TXT": "All Sites",
  "COMMON_APPLY": "APPLY",

  "SUBHEADER_DASHBOARD_ACTIVE": "Active Sites",
  "SUBHEADER_DASHBOARD_ARCHIVE": "Archived Sites",
  "SUBHEADER_DASHBOARD_NEWSITE": "Add Site",

  "ACTIVESITE_DEFAULT_MESG": "There are no sites added yet!",
  "ACTIVESITE_NEWSITE_BTN": "Add Site",

  "SITECART_SITE_BTN": "GO TO SITE",

  "HEADERNAV_USER_MANAGEMENT": "User Management",
  "HEADERNAV_UTILITY_TOOLS": "Utility Tools",
  "HEADERNAV_BATTERY_CALC": "Battery Calculator",
  "HEADERNAV_DEVICE_PROFILE": "Device Profile",
  "HEADERNAV_TOOL_SETTING": "Tool Settings",
  "HEADERNAV_HELP": "Help & Support",

  "ADDNEWSITE_HEADER_EDIT": "Edit Site",
  "ADDNEWSITE_IMPORTFILE": "Import File",
  "ADDNEWSITE_BROWSE_BTN": "Browse",
  "ADDNEWSITE_SITESTATUS": "Site Status",
  "ADDNEWSITE_STATUS_COMMISSIONING": "In Comissioning",
  "ADDNEWSITE_STATUS_MAINTENANCE": "Under Maintenance",
  "ADDNEWSITE_SITENAME": "Site Name",
  "ADDNEWSITE_REFNO": "Reference Number",
  "ADDNEWSITE_CUSTNAME": "Customer Name",
  "ADDNEWSITE_CONTACTNAME": "Point of Contact",
  "ADDNEWSITE_EMAIL": "Email",
  "ADDNEWSITE_NUMBER": "Mobile Number",
  "ADDNEWSITE_ADDRESS": "Address",
  "ADDNEWSITE_EMAIL_ERR_MSG": "You must provide a valid email address",
  "ADDNEWSITE_SELECT_COUNTRY": "Select Country",
  "ADDNEWSITE_SELECT_SITE_TYPE": "Site Type",
  "ADDNEWSITE_POSTAL_CODE_ERR_MSG": "You must provide a valid post code",
  "ADDNEWSITE_SITENAME_ERR_MSG": "Site name already exists. Enter new name.",

  "SITE_OVERVIEW_SITEDEDAILS": "Site Details",
  "SITE_OVERVIEW_REFERENCENO": "Reference No",
  "SITE_OVERVIEW_CUSTOMERNAME": "Customer Name",
  "SITE_OVERVIEW_SITECONTACT": "Site Contact",
  "SITE_OVERVIEW_CUSTOMERNO": "Customer No",
  "SITE_OVERVIEW_SITE": "Site",
  "SITE_OVERVIEW": "Site Overview",
  "SITE_ADDPANEL": "Add Panel",
  "SITE_OR": "Or",
  "SITE_DEFAULT_TEXT": "You need to start fire system configuration to view more details",
  "SITE_PANELS_FIRMWARE": "PANELS & FIRMWARE",
  "SITE_PANEL_NEED_UPDATE": "panel needs firmware update",
  "SITE_CURRENT_FIRMWARE_VERSION": "Current Firmware Version",
  "SITE_TOTAL_NUMBER_OF_PANELS": "Total Number of Panels",

  "PANEL_DESCRIPTION": "Panel Description",

  "PANEL_VARIANT": "Panel Variant",
  "PANEL_CONFIGURATON": "Export Configuration",
  "PANEL_HMI": "HMI",
  "PANEL_EVENTS": "Events",
  "PANEL_TIMER": "Timer & Detection Modes",
  "PANEL_SETTING": "Setting",
  "PANEL_TOPOLOGY": "Topology",
  "PANEL_NEWPANEL": "New Panel",
  "ADDNEWPANEL_HEADER_EDIT": "Edit Panel",
  "PANEL_AND_LOOPS": "Panels",
  "PANEL_SLOT_LAYOUT": "Slot Layout",
  "PANEL_LAYOUT": "Panel Layout",

  "PANEL_OVERVIEW": "Overview",
  "PANEL_OVERVIEW_PANEL": "Panel",
  "PANEL_OVERVIEW_FUSIONPANEL": "PLUTO PANEL",
  "PANEL_OVERVIEW_OFFLINE": "Panel needs to be Synchronized",
  "PANEL_OVERVIEW_ONLINE": "ONLINE",
  "PANEL_OVERVIEW_PANEL_NUMBER": "Panel ID",
  "PANEL_OVERVIEW_SERIALNO": "Serial Number",
  "PANEL_OVERVIEW_PANELFUNCTION": "Panel Function",
  "PANEL_OVERVIEW_PANELSYNCSTATUS": "Panel Synchronisation Status",
  "PANEL_OVERVIEW_ACTIVEEVENTS": "Active Events",
  "PANEL_OVERVIEW_CONFLICTSDIFF": "Conflicts \\ Differences",
  "PANEL_OVERVIEW_LOOPS": "Loops",
  "PANEL_OVERVIEW_TOTAL_DEVICE_DISCOVERED": "Total Device Discovered",
  "PANEL_OVERVIEW_RESOLVE_CONFLICTS": "Resolve conflicts",
  "PANEL_OVERVIEW_PANEL_TOPOLOGY": "Panel Topology",
  "PANEL_OVERVIEW_PANEL_NO_OF_LOOPS": "Loops",
  "PANEL_NEXT_SERVICE_ON": "Next Service On",
  "PANEL_WITH_DISPLAY": "Fusion Panel - With Display",
  "PANEL_WITHOUT_DISPLAY": "Fusion Panel - Without Display",
  "PANEL_MODULE_ADD": "Add New Module",
  "PANEL_MODULE_SLOT_LOCATION": "Select Module Slot",
  "PANEL_MODULE_TYPE": "Module Type",
  "PANEL_MODULE_LAYOUTS": "Panel Slot Layout",
  "PANEL_MODULE_ERRORMSG": "Please select a slot for adding a new module.",
  "PANEL_MODULE_TYPE_ERRORMSG": "Please select module type.",
  "PANEL_MODULE_TOOLTIP": "Sample tool tip message",
  "PANEL_MODULE_DELETE_LABEL": "Delete Module",
  "PANEL_MODULE_DELETE_CONFIRMATION_MSG": "You are about to delete module & its configuration from this panel, are you Sure?",
  "PANEL_MODULE_NO_EMPTY_ABAILABLE_SLOT_MSG": "Please note: All Slots are occupied, Select different Slot Layout",
  "PANEL_CONFIG_DEFAULTTEXT": "There are no panel modules added yet!",

  "PANEL_CONFIGLIST_PANELMODULES": "Panel Modules",
  "PANEL_CONFIGLIST_NEWCARD": "New Module",

  "PANEL_DELETE_LABEL": "Delete Panel",
  "PANEL_DELETE_CONFIRMATION_MSG": "Please Note: All the panel configuration will be deleted.",
  "DELETE_MESSAGE_PANEL": "Are you sure you want to delete this panel?",

  "DELETE_POPUP_LABEL": "Delete Site",
  "DELETE_CONFIRMATION_MSG": "Please Note: All the related panel configuration will also be deleted automatically.",
  "DELETE_LASTUPDATED": "Last Updated",
  "DELETE_ENTER_PASSWORD": "Enter Password",
  "DELETE_FILES": "Delete all Configuration files from the system",
  "DELETE_MESSAGE_SITE": "Are you sure you want to delete this site?",
  "SITE_LASTCONNECTED": "Last connected",
  "SITE_LASTUPDATED": "Last Updated",

  "PANEL_MODULETYPE_UNKNOWN": "Unknown",
  "PANEL_MODULETYPE_NOTIFIERP1": "NotifierP1",
  "PANEL_MODULETYPE_MAINCPU": "MainCpu",
  "PANEL_MODULETYPE_REDUNDANTMAINCPU": "RedundantMainCpu",
  "PANEL_MODULETYPE_SYSTEMSENSORLOOP": "SystemSensorLoop",
  "PANEL_MODULETYPE_FUSIONLOOP": "FusionLoop",
  "PANEL_MODULETYPE_ESSERBUSLOOP": "EsserbusLoop",
  "PANEL_MODULETYPE_VIGILONLOOP": "VigilonLoop",
  "PANEL_MODULETYPE_IDNETGATEWAY": "IdNetGateway",
  "PANEL_MODULETYPE_FUSIONICONICNETWORK": "FusionIconicNetwork",
  "PANEL_MODULETYPE_ESSERNETGATEWAY": "EssernetGateway",
  "PANEL_MODULETYPE_VIGILONNETWORKGATEWAY": "VigilonNetworkGateway",
  "PANEL_MODULETYPE_DELTANETWORKGATEWAY": "DeltaNetworkGateway",
  "PANEL_MODULETYPE_CHARGER": "Charger",
  "PANEL_MODULETYPE_FATFBF": "FatFbf",
  "PANEL_MODULETYPE_FAREFRE": "FareFre",
  "PANEL_MODULETYPE_SERIALCOMMUNICATION": "SerialCommunication",
  "PANEL_MODULETYPE_IO": "IO",

  "COUNTRY_LABEL_NONE": "None",
  "COUNTRY_LABEL_GERMANY": "Germany",
  "COUNTRY_LABEL_SPAIN": "Spain",
  "COUNTRY_LABEL_FRANCE": "France",
  "COUNTRY_LABEL_NETHERLAND": "Netherlands",
  "COUNTRY_LABEL_SWEDEN": "Sweden",
  "COUNTRY_LABEL_UK": "United Kigndom",

  "SITE_TYPE_LABEL_RESIDENTIAL": "Residential",
  "SITE_TYPE_LABEL_COMMERCIAL": "Commercial",
  "SITE_TYPE_LABEL_HOSPITALITY": "Hospitality",
  "SITE_TYPE_LABEL_INDUSTRY": "Industry",

  "PANEL_SMARTX_EN": "Smart-X (EN)",
  "PANEL_STARTX_EN": "Start-X (EN)",
  "PANEL_SMARTX_UL": "Smart-X (UL)",
  "PANEL_STARTX_UL": "Start-X (UL)",
  "PANEL_SMARTX_AUS": "Smart-X (AUS)",
  "PANEL_HEADING_DESCRIPTION": "Enter Panel Information",
  "PANEL_PANELDEFAULTMSG": "There are no panels added yet!You can add panels manually or you can import panel configuration file (.json file) to add panels",
  "PANEL_OPEN_SAVED_CONFIGURATION_FILE": "OPEN SAVED CONFIGURATION FILE",
  "PANEL_ADDNEWPANEL": "Add Panel",
  "PANEL_NUMBER_OF_LOOPS": "Number Of Loops",
  "PANEL_LOOPS_PANEL": "Loop panel",
  "01": "01",
  "02": "02",
  "04": "04",
  "05": "05",
  "COMMON_ADD": "ADD",
  "PANEL_SETTINGS": "Panel Settings",
  "PANEL_SETTING_LABEL_LOOPS": "Loops",
  "PANEL_SETTING_LABEL_PROTOCOL": "Protocol",
  "PANEL_SETTING_LABEL_MORELY_IAS": "Morely IAS",
  "PANEL_SETTING_LABEL_ENABLE_DEVICE_BLINKING": "Enable Device Blinking",
  "PANEL_SETTING_LABEL_SERVICE_DETAILS": "Service Details",
  "PANEL_SETTING_LABEL_PHONE_NUMBER": "Phone Number",
  "PANEL_SETTING_LABEL_TYPE_PHONE_NUMBER": "Type Phone Number",
  "PANEL_SETTING_LABEL_NEXT_SERVICE_DATE": "Next Service Date",
  "PANEL_SETTING_LABEL_SYSTEM_IO_CARD": "System I/O Card",
  "PANEL_SETTING_LABEL_ENABLE_SYS_IO_CARD_FITTED": "Enable Sys I/O Card Fitted",
  "PANEL_SETTING_LABEL_MORELY_FAT_FBE_FITTED": "FAT/FBF Fitted",
  "PANEL_SETTING_LABEL_ENABLE_DEVICE_SYSTEM_IO_SOUNDER2": "System I/O Sounder 2",
  "PANEL_SETTING_LABEL_SERVICE_MISCELLANEOUS": "Miscellaneous",
  "PANEL_SETTING_LABEL_SOFTWARE_VERSION": "Software Version",
  "PANEL_SETTING_LABEL_NO_PANEL_CONNECTED": "No panel connected",
  "PANEL_SETTING_LABEL_PANEL_LANGUAGES": "Panel Languages",
  "PANEL_SETTING_LABEL_DATE_FORMAT": "Date Format",
  "PANEL_SETTING_LABEL_ACESS_TIMEOUT": "Access Timeout",
  "PANEL_SETTING_LABEL_MINS": "mins",
  "PANEL_SETTING_LABEL_INHIBIT_TIMEOUT": "Inhibit Timeout",
  "PANEL_SETTING_LABEL_SEC": "sec",
  "PANEL_SETTING_LABEL_NO_OF_REPEATERS": "No. of Repeaters",
  "PANEL_SETTING_LABEL_ENABLE_LOG_DIAGNOSTICS": "Enable Log Diagnostics",
  "PANEL_SETTING_LABEL_ENABLE_AUTOMATIC_RESOUND": "Enable Automatic Resound",
  "PANEL_SETTING_LABEL_ENABLE_EXTENDED_PSU_FITTED": "Enable Extended PSU Fitted",
  "PANEL_SETTING_LABEL_ENABLE_SOUNDER_GROUP": "Enable Sounder Group/Device Disable",
  "PANEL_SETTING_LABEL_DEFAULT_SOUNDER_MODE": "Default Sounder Mode",
  "PANEL_SETTING_LABEL_SATGE_1_2": "Stage 1/2",
  "PANEL_SETTING_LABEL_TIMER_DETECTION_MODE": "Timer Detection Mode",
  "PANEL_SETTING_LABEL_DETECTION_MODE": "Detection Mode",

  "PANEL_SETTING_NEXT_SERVICE_DATE_ERR_MSG": "You must provide a valid next service Date",
  "PANEL_SETTING_ACESS_TIMEOUT_ERR_MSG": "You must provide a valid access timeout (Range: 1 - 60)",
  "PANEL_SETTING_INHIBIT_TIMEOUT_ERR_MSG": "You must provide a valid inhibit timeout (Range: 0 - 180)",
  "PANEL_SETTING_NO_OF_REPEATERS_ERR_MSG": "You must provide a valid no of repeaters (Range: 0 - 16)",
  "PANEL_SETTING_SOUNDER_MODE_ERR_MSG": "You must provide a valid sounder mode (Range: 1 - 32)",

  "PANEL_SETTING_SAVE_HEADER": "Save Changes",
  "PANEL_SETTING_SAVE_CONFIRM_MSG1": "You made some changes. Do you want to save them?",
  "PANEL_SETTING_SAVE_CONFIRM_MSG2": "Your changes will be lost if you don't save them.",



  "PANEL_SETTING_LABEL_NEW_TIMER": "Add Timer",
  "PANEL_SETTING_LABEL_START_TIME": "Start Time",
  "PANEL_SETTING_LABEL_STOP_TIME": "Stop Time",
  "PANEL_LAST_UPDATE_ON": "Last Updated",
  "PANEL_SETTING_LABEL_SUN": "Sun",
  "PANEL_SETTING_LABEL_MON": "Mon",
  "PANEL_SETTING_LABEL_TUE": "Tue",
  "PANEL_SETTING_LABEL_WED": "Wed",
  "PANEL_SETTING_LABEL_THU": "Thu",
  "PANEL_SETTING_LABEL_FRI": "Fri",
  "PANEL_SETTING_LABEL_SAT": "Sat",

  "LOOP_SETTINGS_EDIT_LOOP": "Edit Loop",
  "LOOP_SETTING_LABEL_ID": "Loop ID",
  "LOOP_SETTING_LABEL_DESCRIPTION": "Loop Description",
  "LOOP_SETTING_LABEL_PROTOCOL": "Loop Protocol",
  "LOOP_SETTING_LABEL_DEVICE_PROFILE": "Device Profile",
  "LOOP_SETTING_LABEL_MAX_LOOPRES": "Maximum Loop Resistance",
  "LOOP_SETTING_LABEL_DIAGNOSTICS": "LOOP DIAGNOSTICS",
  "LOOP_SETTING_LABEL_NOT_CONNECTED": "Loop not Connected",
  "LOOP_SETTING_LABEL_CONNECTED": "Loop Connected",
  "LOOP_SETTINGS_LABEL_UPDATE_LOOP": "Update Loop",
  "LOOP_SETTINGS_LABEL_READ_LOOP": "READ LOOP",
  "LOOP_SETTING_MAX_LOOPRES_ERR_MSG": "You must provide a numeric value with valid range (Range: 0 - 120)",
  "LOOP_OVERVIEW_LABEL_NODEVICEFOUND": "There are no devices added yet!",
  "DEVICE_SETTING_LABEL_TYPE": "DEVICE TYPE",
  "DEVICE_SETTING_LABEL_DEVICECOUNT": "Device Count",
  "DEVICE_SETTING_LABEL_DEVICEFAULTS": "Device Faults",
  "DEVICE_SETTING_LABEL_NODEVICEFOUND": "No Device Found",
  "DEVICES": "Devices",
  "DETECTORS": "Detectors",
  "MODULES": "Modules",
  "FILTER": "Filter",
  "DEVICE_ADD_DEVICES": "Add Devices",
  "DEVICE_DEFAULT_TEXT": "There is no devices added yet!",
  "DEVICES_SELECTED": "Devices Selected",
  "DEVICES_CHANGE_PROFILE": "Change Profile",
  "DEVICES_CHANGE_TYPE": "Change Type",
  "CHANGE_DEVICE_TYPE": "Change Device Type",
  "DEVICES_ASSIGN_TO_ZONE": "Assign to Zone",
  "DEVICES_ASSIGN_TO_PROG_ZONE": "Assign to Prog Zone",

  "DEVICE_NUMBER_OF_DETECTORS": "No. of Detectors",
  "DEVICE_NUMBER_OF_MODULES": "No. of Modules",
  "DEVICE_RANGE_ERR_MSG": "You must provide a valid range (Range: 1 - 99)",
  "DEVICE_DELETE_CONFIRMATION_MSG": "Are you sure you want to delete this device?",
  "DEVICE_DELETE_LABEL": "Delete Device",
  "DEVICE_MUL_DELETE_CONFIRMATION_MSG": "Are you sure want to delete selected {0} Devices?",

  "DEVICES_INFO_DEVICE_LABEL": "Device Label",
  "DEVICES_INFO_ASSIGNED_TO_ZONE": "Device Assigned to Zone",
  "DEVICES_INFO_DEVICE_PROFILE": "Device Profile",
  "DEVICES_INFO_DAY_SETTINGS": "Day Settings",
  "DEVICES_INFO_NIGHT_SETTINGS": "Night Settings",
  "DEVICES_INFO_PRE_ALARM": "Pre Alarm",
  "DEVICES_INFO_ALARM": "Alarm",
  "DEVICES_INFO_LED_BLINK": "LED Blink",
  "DEVICES_INFO_LATCHING": "Latching",
  "DEVICES_INFO_ACTION": "Action",
  "DEVICES_INFO_ON": "ON",
  "DEVICES_INFO_OFF": "OFF",
  "DEVICES_INFO_FIRE": "Fire",
  "DEVICES_INFO_PLANT_WARNING": "Plant Warning",
  "DEVICES_INFO_RANGE_ERR_MSG": "You must provide a valid range (Range: 80 - 108)",
  "DEVICES_INFO_ALARM_RANGE_ERR_MSG": "PreAlarm should be less than Alarm",
  "COMMENTS": "Comments",
  "DEVICES_INFO": "Device Info",

  "DEVICE_INFO_EDIT": "Edit Info",

  "TIMER_REPEAT_MODE": "Repeat",
  "NEW_TIMER_LABEL": "Add Timer",
  "START_TIME_LABEL": "Start Time",
  "STOP_TIME_LABEL": "Stop Time",
  "EDIT_TIMER_LABEL": "Edit Timer",
  "DELETE_TIMER_LABEL": "Delete Timer",
  "DELETE_TIMER_CONFIRMATION_MESSAGE": "Are you sure want delete this timer?",
  "DELETE_MUL_TIMER_CONFIRMATION_MSG": "Are you sure want to delete selected {0} Timers?",
  "PANEL_TIMER_SETTINGS": "Timer Settings",

  "TIMER_REPEAT_MODE_CUSTOM": "Custom",
  "TIMER_REPEAT_MODE_WEEKLY": "Weekly",
  "TIMER_REPEAT_MODE_MONTOFRI": "Mon To Fri",

  "COMMON_DAY_LABEL_SUN": "Sun",
  "COMMON_DAY_LABEL_MON": "Mon",
  "COMMON_DAY_LABEL_TUE": "Tue",
  "COMMON_DAY_LABEL_WED": "Wed",
  "COMMON_DAY_LABEL_THU": "Thu",
  "COMMON_DAY_LABEL_FRI": "Fri",
  "COMMON_DAY_LABEL_SAT": "Sat",

  "LOOP_REDUCE_MSG": "Reducing the number of loops will delete Loop {1} device configuration automatically.",

  "ZONE_NEWZONE": "New Zone",
  "ZONE_EDIT": "Edit Zone",
  "ZONE_ADD": "Add Zone",
  "ZONES": "Zones",
  "ZONE_LAYOUT": "Zone Layout",
  "ZONE_OVERVIEW": "Overview",
  "ZONE_DEVICES": "Devices",
  "ZONE_ADD_ZONE": "Add Zone",
  "ZONE_ZONE_NO": "Zone No",
  "ZONE_ZONE_DESCRIPTION": "Zone Description",
  "ZONE_DELETE_LABEL": "Delete Zone",
  "ZONE_DELETE_CONFIRMATION_MSG": "Are you sure want to delete this Zone?",
  "ZONE_MUL_DELETE_CONFIRMATION_MSG": "Are you sure want to delete selected Zone(s)?",
  "ZONE_DELETE_DEVICES": " Device(s)",
  "ZONE_DELETE_NOTE": "Please Note: All the devices within this zone will be moved to 01 - {0} and all output modules will be moved to Zone 0.",
  "ZONE_ASSIGN_DEVICES": "Assign Devices to Zones",
  "ZONE_RANGE_ERR_MSG": "You must provide a valid range (Range: 2 - 199)",
  "ZONE_EXIST_ERR_MSG": "Zone Number already exists",
  "ZONE_MAX_REACHED_ERR_MSG": "Zone is already raeched to its max limit.",
  "ZONE_OVERVIEW_OPTICAL_SMOKE": "Optical Smoke",
  "ZONE_OVERVIEW_HEAT_SENSOR": "Heat sensor",
  "ZONE_OVERVIEW_MULTI_SENSOR": "Multi Sensor",
  "ZONE_OVERVIEW_LASER_SENSOR": "Laser Sensor",
  "ZONE_OVERVIEW_CALLPOINT": "Call point / Input unit",
  "ZONE_OVERVIEW_RELAY": "Relay",
  "ZONE_OVERVIEW_CONTROL_MODULE": "Control module",
  "ZONE_DEVICE_ADD": "ADD",
  "ZONE_DEVICE_CLEAR": "Clear",
  "ZONE_DEVICE_ADDRESS": "Device Address",
  "ZONE_DEVICE_TYPE": "Device Type",
  "ZONE_DEVICE_LABEL": "Device Label",
  "ZONE_DEVICE_COUNT": "Device Count",
  "ZONES_SELECTED": "Zones Selected",
  "PROG_ZONES_HEADER_TEXT": "Assign Devices to Programmable Zones",
  "PROG_ZONES_ON": "On",
  "PROG_ZONES_PULSE": "Pulse",
  "PROG_ZONES_DELAY": "Delay",
  "PROG_ZONES_COINCIDE": "Coincide",
  "PROG_ZONES_COINCIDE3": "Coincide x3",
  "PROG_ZONES_SELECTED": "Zones Selected",
  "LBC_PANELNAME": "PanelName",
  "LBC_STATUS": "Loop Status",
  "PANELTOTAL_CURRENT": "Total Panel Current",
  "LBC_LOOP1": "Loop 1",
  "LBC_LOOP2": "Loop 2",
  "LBC_LOOP3": "Loop 3",
  "LBC_LOOP4": "Loop 4",
  "LBC_QUISCENTCURRENT": "QuiescentCurrent",
  "LBC_ALARMCURRENT": "AlarmCurrent",
  "LBC_PASS": "PASS",
  "LBC_FAIL": "FAIL",
  "LBC_HEADER": "Battery Calculator",
  "BLUETOOTH-PARINING-HEADER-MESSAGE": "Enter the passcode for your device",
  "BLUETOOTH-PARINGI-BODY-MESSAGE": "You can find the passcode on your {1} or in the info that came with it",
  "PANEL_IMPORT_OVERRIDE_EXITING": "Override existing panel",
  "SAVEAS_NEW_PANEL": "Save as new panel",
  "PANEL_IMPORT_OVERRIDE_EXITING_WARNING_MSG": "Please Note:All the panel configuration will be replaced by the new file configuration",
  "PANEL_IMPORT_CONFIG_EXIST_MSG": "Panel Already Exists",
  "PANEL_EDIT_SETTINGS": "Edit Settings",
  "PANEL_SETTING_LIMITEXCEEDED_ERR_MSG": "Panel limit exceeded",
  "ADDNEWSITE_LIMITEXCEEDED_ERR_MSG": "Site limit exceeded",
  "ZONE_DEVICE_LIST": "Device List",
  "LBC_VIEWDETAILS": "VIEW DETAILS",
  "LBC_BATTERYREQ": "BATTERY REQUIRED",
  "LBC_NORMAL": "Normal",
  "LBC_INALARAM": "In Alarm",
  "LBC_HRS": "Hrs",
  "LBC_MIN": "Mins",
  "TIMER_WARNING_MSG": "End time before start time",
  "TIMER_SELECTED": "Timer Selected",
  "PANEL_NFR_LIMIT_EXCEEDED": "Please Note: Only 3000 panels can be created in a site. Delete the existing panels to add a new panel.",
  "SITE_NFR_LIMIT_EXCEEDED": "Please Note: Only 100 projects can be created. Delete the existing projects to add a new project.",
  "LBC_QUIESCENT": "Quiescent",
  "LBC_ALARM": "Alarm",
  "LBC_RESETVALUES": "Reset to default values",
  "LBC_SETVALUE_DEVICE": "Set Values/Device(mA)",
  "LBC_REQUIRED_CAPACITY": "Required Capacity",
  "LBC_NORMAL_OPERATION": "Normal Operation",
  "LBC_EXPORT_CALC": "Export Calculation",
  "LBC_PRINT_CAL": "Print Calculation",
  "LBC_QUANTITY": "Quantity",
  "LBC_QUIESCENTMA": "Quiescent (mA)",
  "LBC_ALARMMA": "Alarm (mA)",
  "LBC_LOOPDEVICE": "Loop Devices",
  "LBC_LOOPARAMETERS": "Loop Parameters",
  "LBC_QUANTITYOFRELAY": "Quantity of Relay Isolators",
  "LBC_CABLETYPE": "Cable Type",
  "LBC_DEVICEDISTRIBUTION": "Device Distribution",
  "LBC_WORSTCASE": "Worst Case",
  "LBC_BESTCASE": "Best Case",
  "LBC_ALLOEC": "(All at one end of cable)",
  "LBC_EVENLYAC": "(Evenly across cable)",
  "LBC_INFORMATION": "Information",
  "LBC_PASSCRITERIA": "Pass Criteria",
  "LBC_CURRENT_USAGE": "Overall Current Usage",
  "LBC_POOLINGOVERHEAD": "Polling Overhead",
  "LBC_LOOPOVERLOAD": "Loop Overload",
  "LBC_LOOPOVERLOAD_MSG": "Please Note:Loop {1} load is more than 500mA. In alarm state, sounders might not work properly.",
  "LBC_PASSCRITERIA_MSG": "The alarm current ({12.00} mA) is less that the 500mA loop card current limit",
  "LBC_INFORMATIONMSG": "Maximum cable length using {0.5} mm cable is {1438} meters",
  "LBC_4HOURS": "4 Hours",
  "LBC_8HOURS": "8 Hours",
  "LBC_12HOURS": "12 Hours",
  "LBC_24HOURS": "24 Hours",
  "LBC_30HOURS": "30 Hours",
  "LBC_48HOURS": "48 Hours",
  "LBC_72HOURS": "72 Hours",
  "LBC_5MINS": "5 Minutes",
  "LBC_10MINS": "10 Minutes",
  "LBC_20MINS": "20 Minutes",
  "LBC_30MINS": "30 Minutes",
  "LBC_60MINS": "60 Minutes",
  "LBC_90MINS": "90 Minutes",
  "LBC_05MM": "0.5 mm",
  "LBC_1MM": "1.0 mm",
  "LBC_15MM": "1.5 mm",
  "LBC_25MM": "2.5 mm",
  "LBC_OTHERS": "Others",
  "LBC_BATTERYUL": "Battery requirement is non UL-864 complaint",

  "REGISTRATION_USER_NAME": "Name",
  "REGISTRATION_DESIGNATION": "Designation",
  "REGISTRATION_ORGANIZATION": "Organization",
  "REGISTRATION_EMAILID": "Email ID",
  "REGISTRATION_MOBILE_NUMBER": "Mobile Number",
  "REGISTRATION_SUBMIT": "REGISTER",

  "FILTER_DEVICES": "Filter Devices"

}