{
  "HEADER_DASHBOARD_TXT": "Todos los lugares",
  "SUBHEADER_DASHBOARD_ACTIVE": "Activos",
  "SUBHEADER_DASHBOARD_ARCHIVE": "Archivados",
  "SUBHEADER_DASHBOARD_NEWSITE": "Añadir Lugar",
  "ACTIVESITE_DEFAULT_MESG": "No hay Lugares hasta ahora!",
  "ACTIVESITE_NEWSITE_BTN": "Añadir Lugar Nuevo",
  "SITECART_SITE_BTN": "IR AL LUGAR",
  "HEADERNAV_SITES": "Todos los lugares",
  "HEADERNAV_USER_MANAGEMENT": "Administración de usuarios",
  "HEADERNAV_UTILITY_TOOLS": "Herramientas",
  "HEADERNAV_BATTERY_CALC": "Calculador de Baterías",
  "HEADERNAV_DEVICE_PROFILE": "Perfil de Equipo",
  "HEADERNAV_TOOL_SETTING": "Configuración",
  "HEADERNAV_HELP": "Ayuda & Soporte",
  "ADDNEWSITE_HEADER_ADD": "Añadir Lugar Nuevo",
  "ADDNEWSITE_HEADER_EDIT": "Editar Detalles",
  "ADDNEWSITE_IMPORTFILE": "Importar desde Archivo",
  "ADDNEWSITE_BROWSE_BTN": "Browse",
  "ADDNEWSITE_SITESTATUS": "Estado del Lugar",
  "ADDNEWSITE_STATUS_COMMISSIONING": "Poniendo en Marcha",
  "ADDNEWSITE_STATUS_MAINTENANCE": "Manteniendo",
  "ADDNEWSITE_SITENAME": "Nombre del Lugar",
  "ADDNEWSITE_REFNO": "Número de Referencia",
  "ADDNEWSITE_CUSTNAME": "Nombre del Cliente",
  "ADDNEWSITE_CONTACTNAME": "Contacto",
  "ADDNEWSITE_EMAIL": "Email",
  "ADDNEWSITE_NUMBER": "Teléfono",
  "ADDNEWSITE_ADDRESS": "Dirección",
  "ADDNEWSITE_CONFIRM": "Crear",
  "ADDNEWSITE_CANCEL": "Cancelar",
  "ADDNEWSITE_SAVE": "GUARDAR"
}