{
  "HEADER_DASHBOARD_TXT": "Alle Objekte",
  "SUBHEADER_DASHBOARD_ACTIVE": "Aktiv",
  "SUBHEADER_DASHBOARD_ARCHIVE": "Archiviert",
  "SUBHEADER_DASHBOARD_NEWSITE": "Neues Objekt",
  "ACTIVESITE_DEFAULT_MESG": "Es wurden noch keine Objekte angelegt!",
  "ACTIVESITE_NEWSITE_BTN": "Neues Objekt hinzufügen",
  "SITECART_SITE_BTN": "DETAILS",
  "HEADERNAV_SITES": "Alle Objekte",
  "HEADERNAV_USER_MANAGEMENT": "Benutzerverwaltung",
  "HEADERNAV_UTILITY_TOOLS": "Werkzeuge",
  "HEADERNAV_BATTERY_CALC": "Akku-Kapazität Berechnen",
  "HEADERNAV_DEVICE_PROFILE": "Device Profile",
  "HEADERNAV_TOOL_SETTING": "Einstellungen",
  "HEADERNAV_HELP": "Hilfe & Unterstützung",
  "ADDNEWSITE_HEADER_ADD": "Neues Objekt Hinzufügen",
  "ADDNEWSITE_HEADER_EDIT": "Objekt Details",
  "ADDNEWSITE_IMPORTFILE": "Aus Datei Importieren",
  "ADDNEWSITE_BROWSE_BTN": "Browse",
  "ADDNEWSITE_SITESTATUS": "Objektstatus",
  "ADDNEWSITE_STATUS_COMMISSIONING": "In der Inbetriebname",
  "ADDNEWSITE_STATUS_MAINTENANCE": "In Wartung",
  "ADDNEWSITE_SITENAME": "Objektname",
  "ADDNEWSITE_REFNO": "Referenz Nummer",
  "ADDNEWSITE_CUSTNAME": "Kunde",
  "ADDNEWSITE_CONTACTNAME": "Ansprechpartner",
  "ADDNEWSITE_EMAIL": "Email",
  "ADDNEWSITE_NUMBER": "Telefon",
  "ADDNEWSITE_ADDRESS": "Adresse",
  "ADDNEWSITE_CONFIRM": "Anlegen",
  "ADDNEWSITE_CANCEL": "Abbrechen",
  "ADDNEWSITE_SAVE": "SPEICHERN"
}